<application>
  <component name="dataSourceStorage" format="xml" multifile-model="true">
    <data-source source="LOCAL" name="measured-master" uuid="16c2ccc3-9bb7-4c7c-b78c-8dd9884bd8ec">
      <driver-ref>mysql.8</driver-ref>
      <synchronize>true</synchronize>
      <jdbc-driver>com.mysql.cj.jdbc.Driver</jdbc-driver>
      <jdbc-url>jdbc:mysql://measured-master.dw.usemeasured.com:3306</jdbc-url>
      <vm-options>&quot;-Djdk.tls.disabledAlgorithms=SSLv3, TLSv1, RC4, DES, MD5withRSA, DH keySize &lt; 1024, EC keySize &lt; 224, 3DES_EDE_CBC, anon, NULL, include jdk.disabled.namedCurves&quot;</vm-options>
      <driver-properties>
        <property name="autoReconnect" value="true" />
      </driver-properties>
      <keep-alive enable="true" timeout="300" />
    </data-source>
    <data-source source="LOCAL" name="measured-master-reader" uuid="27d95a34-00f6-4d65-925b-4a257d4c82c3">
      <driver-ref>mysql.8</driver-ref>
      <synchronize>true</synchronize>
      <jdbc-driver>com.mysql.cj.jdbc.Driver</jdbc-driver>
      <jdbc-url>jdbc:mysql://measured-master.cluster-ro-covxpxpuemec.us-east-1.rds.amazonaws.com:3306</jdbc-url>
      <vm-options>&quot;-Djdk.tls.disabledAlgorithms=SSLv3, TLSv1, RC4, DES, MD5withRSA, DH keySize &lt; 1024, EC keySize &lt; 224, 3DES_EDE_CBC, anon, NULL, include jdk.disabled.namedCurves&quot;</vm-options>
      <driver-properties>
        <property name="autoReconnect" value="true" />
      </driver-properties>
      <keep-alive enable="true" timeout="300" />
    </data-source>
    <data-source source="LOCAL" name="measured-master-ROOT" uuid="1ffdb638-e075-4968-bb0a-35baa4ea8d20">
      <driver-ref>mysql.8</driver-ref>
      <synchronize>true</synchronize>
      <jdbc-driver>com.mysql.cj.jdbc.Driver</jdbc-driver>
      <jdbc-url>jdbc:mysql://measured-master.dw.usemeasured.com:3306</jdbc-url>
      <vm-options>&quot;-Djdk.tls.disabledAlgorithms=SSLv3, TLSv1, RC4, DES, MD5withRSA, DH keySize &lt; 1024, EC keySize &lt; 224, 3DES_EDE_CBC, anon, NULL, include jdk.disabled.namedCurves&quot;</vm-options>
      <driver-properties>
        <property name="autoReconnect" value="true" />
      </driver-properties>
      <keep-alive enable="true" timeout="300" />
    </data-source>
  </component>
</application>