<application>
  <component name="FileTypeManager" version="18">
    <extensionMap>
      <mapping pattern="common-utils" type="AUTO_DETECTED" />
      <mapping pattern="pre-push" type="AUTO_DETECTED" />
      <mapping pattern="executor" type="AUTO_DETECTED" />
      <mapping pattern="elastic-utils" type="AUTO_DETECTED" />
      <mapping ext="gradle.kts" type="Kotlin" />
      <mapping ext="space.kts" type="Kotlin" />
      <mapping ext="main.kts" type="Kotlin" />
      <mapping pattern=".env" type="PLAIN_TEXT" />
      <mapping ext="info" type="PLAIN_TEXT" />
      <mapping ext="bkp" type="PLAIN_TEXT" />
      <mapping ext="plantuml" type="PlantUML file" />
      <mapping pattern="tsconfig.*.json" type="tsconfig" />
      <removed_mapping ext="apk" approved="true" type="ARCHIVE" />
      <removed_mapping ext="psd" approved="true" type="Image" />
      <removed_mapping pattern="tsconfig.base.json" approved="true" type="tsconfig" />
    </extensionMap>
  </component>
</application>