<application>
  <component name="FindSettings">
    <option name="customScope" value="All Places" />
    <option name="defaultScopeName" value="All Places" />
    <option name="SEARCH_SCOPE" value="All Places" />
    <mask>*.css</mask>
    <mask>*.xml</mask>
    <mask>*.jsp</mask>
    <mask>*.properties</mask>
    <mask>*.java</mask>
    <mask>*.json</mask>
    <mask>*.scss</mask>
    <mask>*.test.ts</mask>
    <mask>*Controller.ts</mask>
    <mask>*.ts</mask>
    <mask>*.html</mask>
  </component>
</application>