<application>
  <component name="NodeJsLocalInterpreterManager">
    <local-interpreter path="/bin/node">
      <version-cache last-modified="0" />
    </local-interpreter>
    <local-interpreter path="/usr/bin/node">
      <version-cache last-modified="0" />
    </local-interpreter>
    <local-interpreter path="$USER_HOME$/.nvm/versions/node/v18.12.0/bin/node">
      <version-cache version="18.12.0" last-modified="1666711744000" />
    </local-interpreter>
    <local-interpreter path="$USER_HOME$/.nvm/versions/node/v16.17.0/bin/node">
      <version-cache version="16.17.0" last-modified="1660631784000" />
    </local-interpreter>
    <local-interpreter path="$USER_HOME$/.nvm/versions/node/v16.16.0/bin/node">
      <version-cache version="16.16.0" last-modified="1657195538000" />
    </local-interpreter>
    <local-interpreter path="$USER_HOME$/.nvm/versions/node/v16.15.1/bin/node">
      <version-cache version="16.15.1" last-modified="1654110983000" />
    </local-interpreter>
    <local-interpreter path="$USER_HOME$/.nvm/versions/node/v14.19.3/bin/node">
      <version-cache version="14.19.3" last-modified="1652807976000" />
    </local-interpreter>
    <local-interpreter path="$USER_HOME$/.nvm/versions/node/v14.18.1/bin/node">
      <version-cache version="14.18.1" last-modified="1634011631000" />
    </local-interpreter>
    <local-interpreter path="$USER_HOME$/.nvm/versions/node/v14.17.1/bin/node">
      <version-cache version="14.17.1" last-modified="1623755714000" />
    </local-interpreter>
    <local-interpreter path="$USER_HOME$/.nvm/versions/node/v12.18.3/bin/node">
      <version-cache version="12.18.3" last-modified="1595430017000" />
    </local-interpreter>
    <local-interpreter path="$USER_HOME$/.nvm/versions/node/v10.15.3/bin/node">
      <version-cache version="10.15.3" last-modified="1551801171000" />
    </local-interpreter>
  </component>
</application>