<application>
  <component name="SonarLintGlobalSettings">
    <option name="nodejsPath" value="$USER_HOME$/.nvm/versions/node/v16.17.0/bin/node" />
    <option name="rulesByKey">
      <map>
        <entry key="Web:S1827">
          <value>
            <Rule active="false" key="Web:S1827" />
          </value>
        </entry>
      </map>
    </option>
    <option name="secretsNeverBeenAnalysed" value="false" />
    <option name="sonarQubeServers">
      <list>
        <SonarQubeServer>
          <option name="hostUrl" value="https://sonar.measured.com" />
          <token>dfcbdfc9df9edfc8dfcedfccdf92df9bdf9adf9fdf9fdf9ddf92dfcbdf9adfcedfcbdf98df98df93df98df9cdfcbdf9adf92dfcedfc9dfcbdf98df9fdf9adf9cdf9adf9adfcedf9edfc9df92df98dfcb</token>
          <option name="name" value="local-sonarlint" />
          <disableNotifications>true</disableNotifications>
        </SonarQubeServer>
      </list>
    </option>
    <rules>
      <Rule active="false" key="Web:S1827" />
    </rules>
  </component>
</application>